AreaBurned,BurnTime,LinesBuilt,AvgWind,numBreaches,numResponses
121.6497915,44.5,17640,45.6656314277657,28,16
129.2112045,66.0,17250,6.902397886525782,26,16
176.35883850000002,69.5,29940,28.375586806223566,37,26
145.44600300000002,74.5,20730,11.076874085954369,35,26
183.253068,66.0,25290,18.26014814102401,37,26
