AreaBurned,BurnTime,LinesBuilt,AvgWind,numBreaches,numResponses
69.387084,51.0,6480,41.85155111658755,12,11
50.483551500000004,34.0,3990,11.082522070177657,3,2
65.60637750000001,32.0,5190,24.404045504672204,7,4
54.041863500000005,25.0,4440,17.37453032409728,5,1
42.0325605,15.0,2820,18.53129890806126,3,0
