AreaBurned,BurnTime,LinesBuilt,AvgWind,numBreaches,numResponses
38.0294595,33.0,6120,50.83147745486597,12,0
34.9159365,17.0,6150,14.695131844692625,8,0
50.705946000000004,21.5,6420,25.80792903659153,8,0
74.50215750000001,43.5,10350,15.211715456484145,14,7
63.8272215,44.0,9180,21.5090161321177,13,6
