AreaBurned,BurnTime,LinesBuilt,AvgWind,numBreaches,numResponses
174.1348935,59.5,30390,38.323461876795385,44,26
61.38088200000001,23.5,11430,13.000244802792388,16,1
106.30457100000001,39.0,20460,23.512310475025053,34,17
140.3309295,70.0,28080,11.37834094543753,40,26
68.942295,32.0,14910,19.18713539818474,27,14
