AreaBurned,BurnTime,LinesBuilt,AvgWind,numBreaches,numResponses
117.2019015,46.5,16740,44.443676206581095,27,21
66.05116650000001,21.5,5490,13.235136663603496,5,2
95.4072405,28.0,8400,25.043107437131425,12,7
121.42739700000001,47.0,17370,14.446454843383046,27,22
66.94074450000001,20.5,6750,18.37036166216105,9,6
