AreaBurned,BurnTime,LinesBuilt,AvgWind,numBreaches,numResponses
125.430498,70.0,12930,35.65039035553335,24,18
90.292167,61.5,7890,7.269255655817246,10,7
168.35263650000002,85.0,18600,29.797308558501108,33,26
71.611029,41.5,5010,15.70382875523557,6,1
84.065121,38.5,7290,20.268229024858776,10,6
